id,first_name,last_name,email,gender,country,salary
1,Cathe,Da Costa,cdacosta0@ezinearticles.com,Female,Myanmar,41758
2,Christos,Eldrett,celdrett1@bigcartel.com,Male,Philippines,22439
3,Belita,Pashan,bpashan2@admin.ch,Female,Canada,33824
4,Cara,Elham,celham3@vistaprint.com,Female,Benin,36411
5,Howey,McShane,hmcshane4@mediafire.com,Male,Ethiopia,28910
6,Cristine,Davidi,cdavidi5@edublogs.org,Female,Belarus,35781
7,Sheilah,Queyeiro,squeyeiro6@oracle.com,Female,China,27268
8,Shepard,Buckney,sbuckney7@wikimedia.org,Male,Indonesia,40391
9,Callean,Hammant,chammant8@shop-pro.jp,Male,China,35115
10,Ossie,Humble,ohumble9@sitemeter.com,Male,Portugal,32128
11,Lusa,Rappaport,lrappaporta@facebook.com,Female,Indonesia,35287
12,Lynn,Beynon,lbeynonb@chronoengine.com,Male,China,35507
13,Weylin,Futty,wfuttyc@howstuffworks.com,Genderfluid,Russia,33791
14,Pacorro,MacKain,pmackaind@furl.net,Male,China,27507
15,Mellisa,Mowday,mmowdaye@miibeian.gov.cn,Female,China,16594
16,Lou,Saladine,lsaladinef@msn.com,Male,Indonesia,38428
17,Cristie,Ateggart,categgartg@yellowpages.com,Female,China,16170
18,Doralynne,Dufoure,ddufoureh@dot.gov,Female,Poland,21496
19,Ara,Whitford,awhitfordi@bizjournals.com,Bigender,Philippines,12177
20,Hilde,Grist,hgristj@gov.uk,Female,Netherlands,33004
21,Terrie,Heyfield,theyfieldk@census.gov,Female,China,18321
22,Bobbette,Coyte,bcoytel@hhs.gov,Female,Morocco,19232
23,Emmerich,Poore,epoorem@dyndns.org,Male,Vietnam,46451
24,Jesselyn,McInnes,jmcinnesn@eepurl.com,Female,Japan,46186
25,Annis,Meace,ameaceo@pcworld.com,Female,Norway,31603
26,Christiana,Raeside,craesidep@free.fr,Female,Malaysia,40559
27,Free,Wedderburn,fwedderburnq@ocn.ne.jp,Male,Greece,42993
28,Inger,Downes,idownesr@freewebs.com,Female,Lithuania,31554
29,Avrit,Hambric,ahambrics@illinois.edu,Female,Kuwait,41999
30,Allix,Hopkins,ahopkinst@utexas.edu,Agender,Serbia,36200
31,Philippine,Czaple,pczapleu@tuttocitta.it,Non-binary,Colombia,39642
32,Rosalind,Blenkinsop,rblenkinsopv@is.gd,Polygender,Paraguay,18268
33,Terry,Crowther,tcrowtherw@wikispaces.com,Male,China,48979
34,Jocko,Gounot,jgounotx@networksolutions.com,Male,Colombia,40026
35,Daile,Anstiss,danstissy@taobao.com,Female,Portugal,18820
36,Tobit,Tarbin,ttarbinz@arizona.edu,Genderfluid,China,38728
37,Liliane,Moland,lmoland10@engadget.com,Female,France,49778
38,Lemuel,Seamark,lseamark11@utexas.edu,Male,Indonesia,26336
39,Griffy,Grooby,ggrooby12@ibm.com,Male,Czech Republic,33197
40,Kristan,Dowdam,kdowdam13@deviantart.com,Female,Bosnia and Herzegovina,16555
41,Pamella,Maciaszek,pmaciaszek14@multiply.com,Female,Portugal,38231
42,Jermaine,McCloch,jmccloch15@ezinearticles.com,Male,Indonesia,40678
43,Piper,Piddock,ppiddock16@hugedomains.com,Female,Russia,48490
44,Nobe,Battrum,nbattrum17@xrea.com,Male,Peru,15956
45,Shaine,Purches,spurches18@youtu.be,Female,Germany,18582
46,Theodora,Haeslier,thaeslier19@latimes.com,Female,United States,25749
47,Emelda,Geibel,egeibel1a@networkadvertising.org,Female,China,15987
48,Debbi,Macconaghy,dmacconaghy1b@mail.ru,Female,Argentina,35730
49,Shalna,Ritmeier,sritmeier1c@g.co,Female,New Zealand,16694
50,Bealle,Sibylla,bsibylla1d@indiegogo.com,Male,China,32698
51,Wilburt,Shrive,wshrive1e@baidu.com,Male,Portugal,13103
52,Gary,Kenningham,gkenningham1f@hhs.gov,Male,Ecuador,49011
53,Hadria,Gratten,hgratten1g@dmoz.org,Female,Democratic Republic of the Congo,49626
54,Orson,Jirasek,ojirasek1h@msn.com,Male,Philippines,45056
55,Angil,Harriot,aharriot1i@baidu.com,Female,Indonesia,36284
56,Myrtle,Lanfer,mlanfer1j@dell.com,Female,Brazil,37009
57,Monique,Caig,mcaig1k@vk.com,Female,Colombia,11114
58,Cy,Triswell,ctriswell1l@ucla.edu,Male,Serbia,32929
59,Lydie,Franks,lfranks1m@nasa.gov,Female,China,11993
60,Ewart,Lorens,elorens1n@xinhuanet.com,Male,Philippines,12523
61,Nancey,Baitman,nbaitman1o@xing.com,Female,Macedonia,42481
62,Gibbie,Dana,gdana1p@domainmarket.com,Male,Russia,35372
63,Trever,Darnbrook,tdarnbrook1q@house.gov,Male,China,39231
64,Jacinta,Jiri,jjiri1r@fda.gov,Female,China,20266
65,Sebastien,Moyes,smoyes1s@samsung.com,Male,Malaysia,11675
66,Elsey,Olohan,eolohan1t@umn.edu,Female,United States,31342
67,Jacinthe,Soall,jsoall1u@exblog.jp,Female,Belarus,17484
68,Anastasia,Santi,asanti1v@dell.com,Female,Philippines,47207
69,Price,Ivermee,pivermee1w@apache.org,Male,China,40119
70,Mile,Cordeux,mcordeux1x@cnet.com,Male,China,15742
71,Erasmus,Breed,ebreed1y@g.co,Male,Poland,16796
72,Klarrisa,Tait,ktait1z@php.net,Female,Yemen,13961
73,Donica,Amey,damey20@marriott.com,Female,Sweden,25237
74,Isiahi,Bougourd,ibougourd21@businessweek.com,Male,Finland,48030
75,Julieta,Gumery,jgumery22@berkeley.edu,Female,Canada,38544
76,Sheffield,Keslake,skeslake23@google.it,Male,China,36935
77,Ruddie,Dearle,rdearle24@wix.com,Male,Denmark,13579
78,Karney,Nodes,knodes25@amazonaws.com,Male,Russia,16233
79,Katya,Lambart,klambart26@constantcontact.com,Female,Palestinian Territory,46031
80,Zara,Bredes,zbredes27@networkadvertising.org,Female,Benin,16794
81,Arabela,Grishechkin,agrishechkin28@linkedin.com,Female,Czech Republic,14804
82,Armand,Sidebotham,asidebotham29@webmd.com,Male,China,47704
83,Leonelle,Bice,lbice2a@prlog.org,Female,Panama,37820
84,Hedy,Braisher,hbraisher2b@jiathis.com,Female,Bosnia and Herzegovina,21255
85,Conrad,Jansie,cjansie2c@marketwatch.com,Non-binary,China,14292
86,Marlon,Grigorio,mgrigorio2d@ning.com,Male,Mauritius,35775
87,Benedikta,Balser,bbalser2e@imgur.com,Female,Russia,44657
88,Sydel,Stenson,sstenson2f@wordpress.com,Female,Indonesia,21577
89,Hayyim,Borthwick,hborthwick2g@wp.com,Male,Brazil,18956
90,Shelden,Bonick,sbonick2h@printfriendly.com,Male,Indonesia,30561
91,Petey,Artus,partus2i@ft.com,Male,Sweden,31954
92,Odilia,Stanion,ostanion2j@posterous.com,Female,Russia,19525
93,Tab,Pontefract,tpontefract2k@paginegialle.it,Male,Philippines,28727
94,Osgood,Brotherhood,obrotherhood2l@blogtalkradio.com,Male,Saudi Arabia,21716
95,Ariana,Errigo,aerrigo2m@yahoo.co.jp,Female,Sweden,17171
96,Ashby,Ingles,aingles2n@hugedomains.com,Male,Russia,16426
97,Demetris,Shaxby,dshaxby2o@printfriendly.com,Male,Indonesia,24498
98,Bayard,Luebbert,bluebbert2p@stanford.edu,Male,Mexico,15838
99,Lamar,Borge,lborge2q@hugedomains.com,Male,China,26641
100,Emery,Hovert,ehovert2r@weather.com,Male,Spain,25111
101,Jessee,Halbord,jhalbord2s@indiegogo.com,Male,Peru,28007
102,Robinia,Gerriets,rgerriets2t@quantcast.com,Female,Colombia,23116
103,Elwood,Giacobo,egiacobo2u@sphinn.com,Male,Brazil,11784
104,Dorita,Ibel,dibel2v@a8.net,Female,Serbia,40659
105,Gracia,Porcas,gporcas2w@t-online.de,Female,Indonesia,36951
106,Pammi,Faley,pfaley2x@nytimes.com,Female,China,26712
107,Jillana,Fee,jfee2y@geocities.jp,Agender,China,45604
108,Ardra,Gittus,agittus2z@naver.com,Female,Chad,32876
109,Leontine,Dami,ldami30@blogs.com,Female,Colombia,39798
110,Sophia,Kender,skender31@accuweather.com,Female,Sweden,20678
111,Cyrillus,Louiset,clouiset32@pcworld.com,Male,France,41836
112,Lucienne,Gogie,lgogie33@bloglovin.com,Female,China,46754
113,Cammy,Pleuman,cpleuman34@foxnews.com,Female,China,15147
114,Ches,Haithwaite,chaithwaite35@noaa.gov,Male,Philippines,19919
115,Keir,Walby,kwalby36@so-net.ne.jp,Male,United States,38024
116,Vikki,Spours,vspours37@cnbc.com,Female,Indonesia,11338
117,Horace,Twaits,htwaits38@thetimes.co.uk,Male,China,33050
118,Sherwood,Kiddell,skiddell39@prweb.com,Male,China,11490
119,Chaddie,Talloe,ctalloe3a@auda.org.au,Agender,Philippines,11130
120,Parnell,Pryer,ppryer3b@umn.edu,Male,China,35500
121,Leif,Medway,lmedway3c@mail.ru,Male,Portugal,39653
122,Woodie,Daybell,wdaybell3d@squidoo.com,Male,Morocco,40235
123,Dahlia,Levi,dlevi3e@purevolume.com,Female,China,18109
124,Clerkclaude,Corgenvin,ccorgenvin3f@princeton.edu,Male,Armenia,20834
125,Berkley,Purviss,bpurviss3g@google.it,Male,China,29765
126,Claire,Dottridge,cdottridge3h@facebook.com,Male,Indonesia,44595
127,Pat,Bracknell,pbracknell3i@xrea.com,Male,Indonesia,27529
128,Jimmy,Verner,jverner3j@google.com.hk,Male,China,42945
129,Brnaby,McCrossan,bmccrossan3k@imageshack.us,Male,Portugal,44651
130,Paxon,Trevear,ptrevear3l@freewebs.com,Male,Belgium,41610
131,Ryun,Hallworth,rhallworth3m@ibm.com,Male,Indonesia,39329
132,Kore,Goldes,kgoldes3n@jimdo.com,Bigender,China,49006
133,Erastus,Willard,ewillard3o@freewebs.com,Male,China,16218
134,Prisca,Spradbrow,pspradbrow3p@360.cn,Female,Afghanistan,27545
135,Bria,Pawellek,bpawellek3q@patch.com,Polygender,Panama,45536
136,Neala,Nucci,nnucci3r@rambler.ru,Female,Greece,12844
137,Bastian,Groundwator,bgroundwator3s@storify.com,Male,Mongolia,17563
138,Keane,Hawkeswood,khawkeswood3t@wunderground.com,Male,China,12899
139,Dorie,Sipson,dsipson3u@java.com,Male,Indonesia,44768
140,Worthy,Hampson,whampson3v@ning.com,Male,Japan,11460
141,Dulci,Winder,dwinder3w@nyu.edu,Female,Russia,23132
142,Charmain,Gracewood,cgracewood3x@hostgator.com,Female,Peru,10654
143,Marie-ann,Kenelin,mkenelin3y@cafepress.com,Polygender,China,41187
144,Toiboid,Axcell,taxcell3z@wordpress.com,Male,China,17454
145,Valentine,Camacke,vcamacke40@deliciousdays.com,Female,China,37710
146,Berget,Dyke,bdyke41@diigo.com,Agender,China,13232
147,Heywood,Leathley,hleathley42@flickr.com,Male,China,32335
148,Tabbie,Hallwell,thallwell43@abc.net.au,Female,Pakistan,29653
149,Rosamund,Marzelo,rmarzelo44@addthis.com,Female,Nigeria,37914
150,Melisent,Heinecke,mheinecke45@cmu.edu,Female,China,38025
151,Katy,Eplett,keplett46@go.com,Female,France,47327
152,Salmon,Jentle,sjentle47@unicef.org,Male,China,31641
153,Gun,Brackpool,gbrackpool48@cpanel.net,Male,Chile,26400
154,Teodor,Munsey,tmunsey49@seattletimes.com,Male,Chile,33679
155,Darnell,Olman,dolman4a@constantcontact.com,Male,Czech Republic,20016
156,Brenda,Neeves,bneeves4b@4shared.com,Female,Indonesia,37102
157,Arlana,Roles,aroles4c@cbc.ca,Female,Thailand,39967
158,Lenette,Hasney,lhasney4d@narod.ru,Female,Portugal,42993
159,Zena,Bishopp,zbishopp4e@xrea.com,Female,Mexico,18276
160,Mavis,Coneley,mconeley4f@gnu.org,Female,Indonesia,15279
161,Zora,Oleksiak,zoleksiak4g@spotify.com,Female,Indonesia,20200
162,Madlin,Curphey,mcurphey4h@blogger.com,Female,Serbia,38219
163,Kienan,Tizard,ktizard4i@bigcartel.com,Male,Poland,49434
164,Milka,Ference,mference4j@marriott.com,Female,Cameroon,30098
165,Harriot,Paoloni,hpaoloni4k@webmd.com,Female,United States,23665
166,Ilyssa,Brocking,ibrocking4l@storify.com,Female,Greece,29922
167,Dore,Meineck,dmeineck4m@bigcartel.com,Male,China,14784
168,Herbie,Snaddon,hsnaddon4n@state.gov,Male,United States,30902
169,Gae,Ege,gege4o@last.fm,Female,South Korea,36598
170,Anni,Merioth,amerioth4p@loc.gov,Female,China,49576
171,Kristos,Beavington,kbeavington4q@discovery.com,Male,Moldova,26567
172,Maiga,Ungerecht,mungerecht4r@blogtalkradio.com,Female,China,42429
173,Livy,Clewer,lclewer4s@statcounter.com,Female,China,15416
174,Norine,Gouge,ngouge4t@squarespace.com,Female,Indonesia,19572
175,Robinia,Mitroshinov,rmitroshinov4u@ustream.tv,Female,Philippines,22233
176,Vin,Marchent,vmarchent4v@google.co.uk,Male,China,42853
177,Frank,Scopyn,fscopyn4w@digg.com,Male,Philippines,38710
178,Gerri,Abella,gabella4x@go.com,Female,Ukraine,17407
179,Gaylord,Ellissen,gellissen4y@opensource.org,Male,Russia,42407
180,Raphaela,Starford,rstarford4z@netlog.com,Female,Poland,37570
181,Delila,Oosthout de Vree,doosthoutdevree50@mozilla.org,Female,Syria,29290
182,Sheffy,Beviss,sbeviss51@ehow.com,Male,France,34228
183,Coralie,Fonzo,cfonzo52@fema.gov,Agender,China,44196
184,Emmalyn,Cawkwell,ecawkwell53@printfriendly.com,Female,Cameroon,31570
185,Ermentrude,Lempke,elempke54@bbb.org,Female,Indonesia,13837
186,Jody,Praten,jpraten55@posterous.com,Male,Russia,37830
187,Nancie,Kerr,nkerr56@bloomberg.com,Female,Russia,31539
188,Floyd,Fawloe,ffawloe57@liveinternet.ru,Male,Philippines,28021
189,Claiborn,Batecok,cbatecok58@prweb.com,Male,Russia,21591
190,Gilda,Landsbury,glandsbury59@usgs.gov,Non-binary,China,31976
191,Myron,Selborne,mselborne5a@springer.com,Male,Sweden,41425
192,Reggi,Runnacles,rrunnacles5b@seattletimes.com,Female,Mongolia,33777
193,Karin,Joint,kjoint5c@hexun.com,Female,Greece,48509
194,Adolph,Olivetti,aolivetti5d@nydailynews.com,Male,Russia,32176
195,Lynnelle,Brunotti,lbrunotti5e@springer.com,Female,Slovenia,46657
196,Loella,Mallord,lmallord5f@pagesperso-orange.fr,Female,France,27470
197,Milka,Bartak,mbartak5g@walmart.com,Female,Nigeria,45258
198,Tory,Jurn,tjurn5h@cocolog-nifty.com,Female,Greece,19265
199,Murry,Wyness,mwyness5i@china.com.cn,Male,Philippines,14321
200,Nananne,Bloy,nbloy5j@yahoo.co.jp,Agender,Philippines,18521
201,Cleavland,Disney,cdisney5k@blogger.com,Genderqueer,Russia,48706
202,Vinny,Cleatherow,vcleatherow5l@sfgate.com,Female,Czech Republic,37644
203,Thia,Ainscow,tainscow5m@constantcontact.com,Bigender,Indonesia,12974
204,Millard,Whye,mwhye5n@sakura.ne.jp,Male,Czech Republic,28866
205,Jacobo,Fortin,jfortin5o@google.com,Male,Indonesia,47983
206,Fransisco,Smead,fsmead5p@dailymail.co.uk,Male,Indonesia,48311
207,Klement,Chasteney,kchasteney5q@delicious.com,Male,Philippines,14528
208,Marco,Poppy,mpoppy5r@cloudflare.com,Bigender,China,20920
209,Darya,Arundale,darundale5s@zdnet.com,Female,Poland,40319
210,Tobit,Boumphrey,tboumphrey5t@vinaora.com,Male,China,20100
211,Noni,Poon,npoon5u@unicef.org,Female,Sweden,39103
212,Cristian,Dillistone,cdillistone5v@mtv.com,Male,Japan,12532
213,Titus,Shelbourne,tshelbourne5w@bing.com,Male,Russia,36501
214,Maison,Marsh,mmarsh5x@wikipedia.org,Genderqueer,China,34878
215,Isabelle,Batalini,ibatalini5y@discovery.com,Female,Indonesia,35877
216,Angele,Stronack,astronack5z@webmd.com,Female,Indonesia,42580
217,Emmet,Warmington,ewarmington60@istockphoto.com,Male,Philippines,19436
218,Charmane,Scrowby,cscrowby61@barnesandnoble.com,Female,United States,28590
219,Rebekkah,Pilfold,rpilfold62@nps.gov,Female,Macedonia,13955
220,Faina,Shawe,fshawe63@symantec.com,Female,Poland,17778
221,Keane,Gawthrope,kgawthrope64@dropbox.com,Male,Ireland,49436
222,Ketty,Kolushev,kkolushev65@slideshare.net,Bigender,Indonesia,20711
223,Levi,Phelipeaux,lphelipeaux66@disqus.com,Male,Greece,11011
224,Anatol,Hinksen,ahinksen67@paypal.com,Male,Philippines,40492
225,Roseanne,Bellward,rbellward68@eventbrite.com,Female,South Africa,34068
226,Agneta,Frigout,afrigout69@ihg.com,Female,Russia,21459
227,Phineas,Deery,pdeery6a@dyndns.org,Male,Indonesia,14832
228,Carroll,Walkey,cwalkey6b@freewebs.com,Female,Russia,11746
229,Harmonia,Whiteman,hwhiteman6c@tiny.cc,Female,Brazil,26971
230,Brody,Kilcoyne,bkilcoyne6d@msu.edu,Male,Argentina,18576
231,Jedd,Howitt,jhowitt6e@opensource.org,Male,China,44147
232,Binnie,Caves,bcaves6f@marriott.com,Female,Russia,36726
233,Stephie,Evett,sevett6g@reference.com,Female,Zambia,38028
234,Hurleigh,Glanister,hglanister6h@twitter.com,Male,Brazil,38217
235,Othello,Sinclar,osinclar6i@multiply.com,Male,China,45150
236,Chrystal,Meach,cmeach6j@meetup.com,Female,Tanzania,28539
237,Boycey,Jannaway,bjannaway6k@spiegel.de,Male,Russia,11977
238,Merle,Eschelle,meschelle6l@chicagotribune.com,Female,China,24620
239,Christina,Laidlow,claidlow6m@webeden.co.uk,Female,Philippines,24546
240,Viviene,Seville,vseville6n@bing.com,Female,Canada,35247
241,Hagen,Beatens,hbeatens6o@lycos.com,Male,Madagascar,25388
242,Florella,Whitesel,fwhitesel6p@homestead.com,Female,Thailand,26768
243,Dallon,Casetti,dcasetti6q@google.cn,Male,Mexico,13355
244,Willi,Lanning,wlanning6r@seesaa.net,Male,China,46344
245,Gaby,Cowton,gcowton6s@cnbc.com,Male,Portugal,34607
246,Amalee,McIlraith,amcilraith6t@geocities.com,Female,Russia,24966
247,Bobine,Emmer,bemmer6u@pbs.org,Female,Myanmar,10705
248,Tommi,Cardis,tcardis6v@fda.gov,Female,Philippines,31866
249,Rosalia,Matfield,rmatfield6w@trellian.com,Female,Indonesia,30544
250,Dixie,MacTrustram,dmactrustram6x@desdev.cn,Female,Portugal,37918
251,Rossie,Gleave,rgleave6y@wsj.com,Male,Ireland,32131
252,Ram,Yukhov,ryukhov6z@engadget.com,Male,China,27711
253,Jolie,Wiersma,jwiersma70@ezinearticles.com,Female,Russia,43095
254,Ashton,Bon,abon71@hugedomains.com,Male,Philippines,16771
255,Seth,Gullan,sgullan72@imageshack.us,Male,Russia,45323
256,Queenie,Packer,qpacker73@indiegogo.com,Female,Russia,45556
257,Gustie,Dowbekin,gdowbekin74@i2i.jp,Female,Madagascar,40617
258,Heath,Parslow,hparslow75@globo.com,Female,Bulgaria,25023
259,Clarence,Ferreri,cferreri76@yelp.com,Male,Philippines,16984
260,Son,Biggin,sbiggin77@artisteer.com,Male,Yemen,43308
261,Derrek,Reignard,dreignard78@altervista.org,Male,China,17976
262,Clyde,Hylden,chylden79@comsenz.com,Male,Albania,34627
263,Corenda,McHenry,cmchenry7a@huffingtonpost.com,Female,France,36244
264,Marlo,Nares,mnares7b@sfgate.com,Female,Czech Republic,18394
265,Broderic,Abley,babley7c@google.de,Male,China,10803
266,Les,Finan,lfinan7d@cam.ac.uk,Male,Argentina,38645
267,Jozef,Lyst,jlyst7e@cam.ac.uk,Male,Indonesia,33459
268,De,Stryde,dstryde7f@networkadvertising.org,Female,Ukraine,30995
269,Linet,Deek,ldeek7g@hud.gov,Genderqueer,France,47990
270,Dehlia,Ormes,dormes7h@smh.com.au,Female,Benin,49292
271,Roman,Badsey,rbadsey7i@sfgate.com,Male,Poland,12594
272,Vitoria,Palin,vpalin7j@reddit.com,Female,China,28619
273,Christopher,Cookney,ccookney7k@google.com.hk,Male,Mexico,23275
274,Halli,Keelan,hkeelan7l@bing.com,Female,China,34789
275,Bartolomeo,Jakubczyk,bjakubczyk7m@narod.ru,Male,Czech Republic,39585
276,Ashbey,Cicconetti,acicconetti7n@mac.com,Male,Peru,16331
277,Mauricio,Greggor,mgreggor7o@wikispaces.com,Male,Philippines,24905
278,Roxane,Waight,rwaight7p@webnode.com,Female,Russia,30446
279,Brooks,Cawse,bcawse7q@infoseek.co.jp,Female,Czech Republic,43327
280,Nata,Alvy,nalvy7r@sourceforge.net,Female,Chad,25537
281,Robyn,De Biaggi,rdebiaggi7s@simplemachines.org,Female,China,38205
282,Derk,Ilyunin,dilyunin7t@jugem.jp,Male,Portugal,43132
283,Calla,Langcaster,clangcaster7u@printfriendly.com,Female,Jordan,18697
284,Donnie,Aisman,daisman7v@mail.ru,Male,Laos,28564
285,Antoinette,Carless,acarless7w@comsenz.com,Non-binary,Denmark,42184
286,Rouvin,Wallice,rwallice7x@nymag.com,Male,Nigeria,17444
287,Lorena,Castaignet,lcastaignet7y@bloglines.com,Female,Indonesia,13657
288,Tore,Sterrick,tsterrick7z@storify.com,Male,Poland,21721
289,Christoforo,Taunton.,ctaunton80@baidu.com,Male,Philippines,37297
290,Stanislaus,Juorio,sjuorio81@skyrock.com,Male,Yemen,24294
291,Carree,McPhelimy,cmcphelimy82@ted.com,Female,Colombia,28677
292,Cherri,Sampey,csampey83@techcrunch.com,Female,Portugal,45317
293,Eward,Tomsett,etomsett84@unicef.org,Male,Iran,41261
294,Trace,Galia,tgalia85@odnoklassniki.ru,Genderfluid,Canada,43952
295,Aindrea,Crummie,acrummie86@lulu.com,Female,Ukraine,34084
296,Christie,Mabon,cmabon87@123-reg.co.uk,Genderfluid,Kazakhstan,11847
297,Riva,Le Grys,rlegrys88@sourceforge.net,Female,Philippines,40055
298,Benjamen,Downing,bdowning89@kickstarter.com,Male,Indonesia,20541
299,Athene,Hauxley,ahauxley8a@princeton.edu,Polygender,Tunisia,42775
300,Malva,Redmayne,mredmayne8b@twitpic.com,Female,China,19814
301,Juana,Willcox,jwillcox8c@ebay.co.uk,Female,China,37383
302,Halie,Hambers,hhambers8d@mit.edu,Female,Guatemala,15980
303,Terry,Snaddin,tsnaddin8e@phoca.cz,Female,Sweden,32169
304,Valerye,Ruger,vruger8f@nature.com,Female,China,17603
305,Mannie,Hampe,mhampe8g@craigslist.org,Male,Poland,20622
306,Jonas,Buckett,jbuckett8h@taobao.com,Male,Argentina,13733
307,Alejandrina,Garlee,agarlee8i@go.com,Female,Uganda,32731
308,Tony,Pollastrino,tpollastrino8j@amazon.com,Male,Macedonia,18456
309,Griff,MacShirie,gmacshirie8k@ocn.ne.jp,Male,Philippines,46835
310,Sybyl,Witchell,switchell8l@storify.com,Female,Philippines,34096
311,Harley,Worviell,hworviell8m@nationalgeographic.com,Female,Indonesia,12567
312,Carolann,Lindback,clindback8n@histats.com,Female,Indonesia,41327
313,Grenville,Drysdell,gdrysdell8o@arstechnica.com,Male,Brazil,22162
314,Omero,Strete,ostrete8p@usatoday.com,Male,Indonesia,43454
315,Gert,Vlasenko,gvlasenko8q@mac.com,Female,Philippines,24589
316,Benson,Seagrove,bseagrove8r@nbcnews.com,Male,China,10722
317,Mamie,Hanlin,mhanlin8s@networkadvertising.org,Female,Indonesia,37504
318,Abigail,Domotor,adomotor8t@goo.ne.jp,Female,China,14739
319,Stirling,Janman,sjanman8u@csmonitor.com,Male,Russia,18740
320,Winona,Tubridy,wtubridy8v@twitpic.com,Female,Japan,18734
321,Alicea,Rouge,arouge8w@msn.com,Polygender,Indonesia,40477
322,Cody,Weatherup,cweatherup8x@nyu.edu,Female,Argentina,47148
323,Dawna,Bletcher,dbletcher8y@smugmug.com,Female,Japan,36286
324,Theresa,Crosse,tcrosse8z@illinois.edu,Female,Indonesia,37901
325,Franklyn,Fernandez,ffernandez90@woothemes.com,Male,Indonesia,45057
326,Padget,Baake,pbaake91@ucsd.edu,Genderfluid,Poland,30995
327,Hannie,Kruschev,hkruschev92@ning.com,Female,Indonesia,30824
328,Ernest,Jandel,ejandel93@netlog.com,Male,Indonesia,41176
329,Angel,McVitie,amcvitie94@reverbnation.com,Male,Japan,36751
330,Timmie,De Maria,tdemaria95@squarespace.com,Female,Czech Republic,46391
331,Heather,Genny,hgenny96@csmonitor.com,Female,Slovenia,21306
332,Cathie,Patsall,cpatsall97@fema.gov,Female,Indonesia,25694
333,Rakel,Anersen,ranersen98@diigo.com,Female,Poland,24251
334,Ebenezer,Isenor,eisenor99@topsy.com,Male,Paraguay,17972
335,Bernice,Hadfield,bhadfield9a@godaddy.com,Female,China,36818
336,Arnaldo,Blondell,ablondell9b@foxnews.com,Male,China,32092
337,Arlin,Kinworthy,akinworthy9c@loc.gov,Male,China,39890
338,Hugues,Van den Broek,hvandenbroek9d@psu.edu,Male,China,41414
339,Jerry,Horsewood,jhorsewood9e@cocolog-nifty.com,Female,Peru,20930
340,Emmy,Beecroft,ebeecroft9f@spotify.com,Female,Egypt,15810
341,Kendell,Mossdale,kmossdale9g@de.vu,Male,Australia,28585
342,Dale,Yarrow,dyarrow9h@aboutads.info,Female,Japan,44587
343,Tome,McCrann,tmccrann9i@altervista.org,Male,Philippines,10996
344,Uri,Keymer,ukeymer9j@google.co.jp,Male,Ethiopia,44585
345,Lauralee,Carrel,lcarrel9k@google.cn,Female,Chile,34155
346,Garrick,Ohrtmann,gohrtmann9l@timesonline.co.uk,Male,Russia,13347
347,Bret,Dunning,bdunning9m@columbia.edu,Male,Indonesia,33391
348,Estelle,Sends,esends9n@storify.com,Female,Mauritania,43084
349,Simone,Higgan,shiggan9o@army.mil,Male,United Kingdom,34122
350,Mendie,Coale,mcoale9p@cpanel.net,Male,Peru,15622
351,Barde,Lanfare,blanfare9q@facebook.com,Male,Indonesia,32699
352,Devon,Joule,djoule9r@people.com.cn,Female,China,29849
353,Carrissa,Rizziello,crizziello9s@artisteer.com,Female,Philippines,18040
354,Granville,Fawkes,gfawkes9t@mtv.com,Male,Brazil,30476
355,Catlin,Davidowsky,cdavidowsky9u@hp.com,Female,Botswana,23462
356,Kate,Armin,karmin9v@amazon.co.jp,Female,Greece,12486
357,Emmanuel,Manchester,emanchester9w@marketwatch.com,Male,Greece,11747
358,Micheline,Yandle,myandle9x@theglobeandmail.com,Female,China,47254
359,Merna,Tomkiss,mtomkiss9y@barnesandnoble.com,Female,China,13496
360,Ardyth,Syme,asyme9z@over-blog.com,Female,Indonesia,27303
361,Pru,Tabourel,ptabourela0@wufoo.com,Female,China,37783
362,Tedi,Surgen,tsurgena1@ask.com,Female,Comoros,18081
363,Delphinia,Ingolotti,dingolottia2@squidoo.com,Female,Mexico,11143
364,Pat,Mead,pmeada3@mit.edu,Female,Poland,30730
365,Giffer,Ryland,grylanda4@cmu.edu,Male,Czech Republic,49983
366,Zorana,O'Hdirscoll,zohdirscolla5@bbb.org,Female,China,17544
367,Rosamund,Claydon,rclaydona6@unicef.org,Female,Tanzania,46435
368,Camey,Michelet,cmicheleta7@washington.edu,Male,United States,23184
369,Darlleen,Bilby,dbilbya8@devhub.com,Female,Russia,44727
370,Mindy,Jaine,mjainea9@e-recht24.de,Female,Vietnam,28401
371,Olia,Scruby,oscrubyaa@go.com,Female,France,44076
372,Federico,Killcross,fkillcrossab@cdbaby.com,Male,Argentina,23627
373,Katee,Dresche,kdrescheac@simplemachines.org,Female,China,39297
374,Valaree,Morrad,vmorradad@woothemes.com,Female,Palestinian Territory,18336
375,Lina,Renhard,lrenhardae@blog.com,Agender,Peru,41604
376,Udell,Briat,ubriataf@mashable.com,Male,Canada,23790
377,Garrik,Entwistle,gentwistleag@google.ru,Male,Kyrgyzstan,38338
378,Nicolle,Ivanets,nivanetsah@narod.ru,Female,Thailand,49982
379,Lyndsey,Wicklen,lwicklenai@nsw.gov.au,Female,United States,19276
380,Leeann,Riccardini,lriccardiniaj@hubpages.com,Female,Philippines,33482
381,Mable,Rookes,mrookesak@woothemes.com,Female,Russia,34599
382,Elijah,Rainsdon,erainsdonal@flickr.com,Male,China,49701
383,Taddeusz,Dudeney,tdudeneyam@sciencedirect.com,Male,Yemen,49463
384,Edan,Odlin,eodlinan@goo.ne.jp,Male,China,24110
385,Dalli,Corten,dcortenao@virginia.edu,Male,Japan,29271
386,Sheppard,Hart,shartap@behance.net,Male,Macedonia,24926
387,Findley,Merrgan,fmerrganaq@wordpress.org,Genderfluid,China,26882
388,Mellicent,Saban,msabanar@apache.org,Female,Peru,47516
389,Austin,Entwisle,aentwisleas@theguardian.com,Female,Chile,20133
390,Sadie,Hagan,shaganat@bravesites.com,Female,Russia,45700
391,Tammara,Echallie,techallieau@bloglovin.com,Female,Russia,31937
392,Gabey,Todeo,gtodeoav@oracle.com,Female,China,26478
393,Pier,Baynam,pbaynamaw@usa.gov,Female,Somalia,15012
394,Malachi,Longfield,mlongfieldax@issuu.com,Male,Russia,23881
395,Kele,O'Halligan,kohalliganay@de.vu,Male,Puerto Rico,37675
396,Kaila,Pryce,kpryceaz@seesaa.net,Genderfluid,Ivory Coast,48759
397,Tori,Tumility,ttumilityb0@bluehost.com,Female,China,14283
398,Iain,Sabate,isabateb1@bloglovin.com,Male,Indonesia,22862
399,Bax,Arnaut,barnautb2@nba.com,Male,Indonesia,49967
400,Kennett,Flicker,kflickerb3@wikipedia.org,Male,Palestinian Territory,12879
401,Pam,Merill,pmerillb4@spiegel.de,Female,Poland,25313
402,Lenci,Longshaw,llongshawb5@google.nl,Male,Philippines,43808
403,Sherwynd,Scammell,sscammellb6@blog.com,Male,China,47244
404,Hew,Keat,hkeatb7@oaic.gov.au,Genderfluid,China,42730
405,Grantley,Killby,gkillbyb8@wsj.com,Male,China,20001
406,Corrie,Brookbank,cbrookbankb9@constantcontact.com,Female,Sweden,16313
407,Tana,Heaps,theapsba@edublogs.org,Female,Albania,38969
408,Sara,Beekmann,sbeekmannbb@hatena.ne.jp,Female,Saudi Arabia,22440
409,Marjory,Brogiotti,mbrogiottibc@histats.com,Female,Morocco,17442
410,Christa,MacGorrie,cmacgorriebd@ucoz.ru,Female,Yemen,42407
411,Paule,Don,pdonbe@sakura.ne.jp,Female,Philippines,38954
412,Nita,Aymerich,naymerichbf@vkontakte.ru,Female,Malaysia,26933
413,Jennifer,Bax,jbaxbg@cyberchimps.com,Female,Poland,23340
414,Coretta,Penlington,cpenlingtonbh@miibeian.gov.cn,Female,China,41122
415,Nonie,Scullion,nscullionbi@bandcamp.com,Female,China,23002
416,Kelsey,Gaisford,kgaisfordbj@webmd.com,Female,Brazil,33842
417,Robinetta,Dmitrichenko,rdmitrichenkobk@webnode.com,Female,China,48433
418,Elwood,Pherps,epherpsbl@jugem.jp,Male,Russia,43691
419,Anthe,Charge,achargebm@ted.com,Female,Ukraine,40194
420,Connor,De Vries,cdevriesbn@tamu.edu,Male,United States,33413
421,Rory,Oakinfold,roakinfoldbo@mac.com,Male,Azerbaijan,33051
422,Magdaia,Filchakov,mfilchakovbp@upenn.edu,Female,Russia,37523
423,Cele,Reinbech,creinbechbq@vkontakte.ru,Female,Philippines,20538
424,Lotty,Hillin,lhillinbr@examiner.com,Female,China,13216
425,Renaud,Bricksey,rbrickseybs@wordpress.org,Male,Egypt,11544
426,Dill,Thominga,dthomingabt@ameblo.jp,Male,Kazakhstan,44378
427,Earl,McDunlevy,emcdunlevybu@usgs.gov,Male,Greenland,13394
428,Frederik,Farman,ffarmanbv@patch.com,Male,China,15459
429,Thaddus,Jaqueminet,tjaqueminetbw@sciencedaily.com,Male,Thailand,43304
430,Baillie,Fosh,bfoshbx@storify.com,Male,Albania,30676
431,Sim,MacKessock,smackessockby@yahoo.co.jp,Polygender,Peru,46468
432,Jamil,Sondland,jsondlandbz@addthis.com,Male,Paraguay,32070
433,Alvinia,Ciccotti,aciccottic0@com.com,Female,Brazil,24556
434,Christie,Hattiff,chattiffc1@icio.us,Male,France,31996
435,Caressa,MacAnelley,cmacanelleyc2@dion.ne.jp,Female,Colombia,19395
436,Jillian,Haggis,jhaggisc3@nymag.com,Female,Sweden,14793
437,Pincus,Gosnall,pgosnallc4@fda.gov,Male,Czech Republic,16481
438,Gardener,Orpin,gorpinc5@wired.com,Male,France,27367
439,Roda,De la Zenne,rdelazennec6@amazon.co.uk,Genderqueer,China,16249
440,Elroy,Manners,emannersc7@over-blog.com,Bigender,China,10902
441,Morton,Knowles,mknowlesc8@indiatimes.com,Male,Peru,48607
442,Guthrey,Ranyell,granyellc9@surveymonkey.com,Male,Sweden,41572
443,Myrlene,Leedes,mleedesca@com.com,Female,China,27919
444,Desmund,Faithfull,dfaithfullcb@deliciousdays.com,Polygender,United States,22833
445,Emmett,Emma,eemmacc@mlb.com,Male,Brazil,31168
446,Hayward,Linke,hlinkecd@loc.gov,Male,China,34133
447,Mildrid,Fonteyne,mfonteynece@sina.com.cn,Non-binary,Pakistan,48847
448,Maribelle,Lucio,mluciocf@scribd.com,Female,France,11091
449,Pincas,Sumers,psumerscg@epa.gov,Male,Vietnam,21053
450,Ricky,Dello,rdelloch@icio.us,Male,Japan,14049
451,Adair,Goosnell,agoosnellci@webeden.co.uk,Male,United States,46098
452,Audrey,Revitt,arevittcj@deliciousdays.com,Female,China,36015
453,Curtice,Figg,cfiggck@answers.com,Male,United States,23021
454,Cori,Toyne,ctoynecl@imdb.com,Male,Burundi,16840
455,Mandie,Angel,mangelcm@1und1.de,Bigender,Indonesia,27994
456,Shandie,Gelland,sgellandcn@cisco.com,Female,Portugal,17420
457,Antone,Tennock,atennockco@storify.com,Agender,China,24539
458,Cammy,Crosgrove,ccrosgrovecp@tripadvisor.com,Female,Nigeria,13325
459,Jae,Fogt,jfogtcq@oakley.com,Male,Colombia,22182
460,Dorey,Bourgeois,dbourgeoiscr@tinypic.com,Female,Russia,13102
461,Leandra,Mitchell,lmitchellcs@nymag.com,Female,Portugal,43922
462,Nedi,Fawlo,nfawloct@sciencedaily.com,Female,Vietnam,40438
463,Margaret,Trinke,mtrinkecu@tiny.cc,Female,Serbia,44977
464,Ninnette,Skippen,nskippencv@ucla.edu,Female,Turkmenistan,18824
465,Quinn,Rope,qropecw@angelfire.com,Bigender,Poland,14621
466,Martyn,Gallaway,mgallawaycx@nps.gov,Male,China,24049
467,Arny,Vicar,avicarcy@wikipedia.org,Male,Indonesia,34012
468,Reba,Perigeaux,rperigeauxcz@weebly.com,Female,Tunisia,30866
469,Roseanna,Kohen,rkohend0@skyrock.com,Female,China,46612
470,Murry,Russell,mrusselld1@eepurl.com,Male,China,35688
471,Sonni,Iowarch,siowarchd2@multiply.com,Female,China,31388
472,Leland,Mainston,lmainstond3@posterous.com,Male,Indonesia,20365
473,Joelle,Joddens,jjoddensd4@telegraph.co.uk,Genderqueer,Spain,12705
474,Butch,Temprell,btemprelld5@blinklist.com,Male,Chile,33168
475,Nilson,Brugh,nbrughd6@wikipedia.org,Male,Ireland,42509
476,Ruben,Adair,radaird7@jugem.jp,Male,Indonesia,47662
477,Kirk,Renfree,krenfreed8@house.gov,Male,China,30020
478,Vina,Bear,vbeard9@unblog.fr,Female,Brazil,35986
479,Patti,Soal,psoalda@si.edu,Female,Russia,32514
480,Elli,Potell,epotelldb@google.co.uk,Female,Portugal,43329
481,Carmel,Slowey,csloweydc@so-net.ne.jp,Female,Poland,17375
482,Frants,Purse,fpursedd@cloudflare.com,Male,Portugal,17982
483,Heidi,De Cruz,hdecruzde@hatena.ne.jp,Female,Poland,14556
484,Ally,Risebarer,arisebarerdf@disqus.com,Female,Greece,33223
485,Haley,Ridgway,hridgwaydg@dot.gov,Female,Sweden,17102
486,Park,Baitey,pbaiteydh@nba.com,Male,Bosnia and Herzegovina,26931
487,Fanni,Allward,fallwarddi@lulu.com,Bigender,Sweden,27073
488,Corissa,Roj,crojdj@storify.com,Genderqueer,Sweden,28136
489,Leonhard,Robke,lrobkedk@usda.gov,Male,Indonesia,46251
490,Marcy,Wilce,mwilcedl@deviantart.com,Female,Philippines,44545
491,Sib,Gabbetis,sgabbetisdm@symantec.com,Female,Sweden,21163
492,Gladys,O'Dooghaine,godooghainedn@dailymotion.com,Female,Iran,43393
493,Jammie,Barns,jbarnsdo@archive.org,Female,France,17067
494,Vinita,Ysson,vyssondp@thetimes.co.uk,Female,Ivory Coast,32670
495,Lexine,Deelay,ldeelaydq@jigsy.com,Female,Togo,36073
496,Opaline,Sendall,osendalldr@t-online.de,Female,Russia,41896
497,Tallou,Callis,tcallisds@pcworld.com,Female,France,15954
498,Barty,Cattanach,bcattanachdt@soup.io,Male,Jordan,19897
499,Bern,Hymor,bhymordu@reuters.com,Male,Brazil,33981
500,Leighton,Wapplington,lwapplingtondv@nifty.com,Genderfluid,Philippines,12141
